{
  "base": {
    "parent": null,
    "length": 0.01,
    "z": 0.0,
    "y": 0.0,
    "x": 0.0,
    "location": {
      "x": 0.0,
      "y": 0.0,
      "z": 0.0
    }
  },
  "body_lower": {
    "parent": "base",
    "length": 0.1,
    "z": 0.0,
    "y": 0.0,
    "x": 0.0,
    "location": {
      "x": 0.0,
      "y": 0.0,
      "z": 0.0
    }
  },
  "body_spine_lower": {
    "parent": "body_lower",
    "length": 0.1,
    "z": 0.0,
    "y": 0.0,
    "x": 0.0,
    "location": {
      "x": 0.0,
      "y": 1.0956108570098877,
      "z": 0.2343066930770874
    }
  },
  "body_spine_internal": {
    "parent": "body_spine_lower",
    "length": 0.1,
    "z": -0.03490658476948738,
    "y": -0.0,
    "x": 0.0,
    "location": {
      "x": 0.0,
      "y": 0.6000000238418579,
      "z": 0.0
    }
  },
  "body_spine_upper": {
    "parent": "body_spine_internal",
    "length": 0.1,
    "z": -0.03490658476948738,
    "y": 0.0,
    "x": 0.0,
    "location": {
      "x": 0.0,
      "y": 0.6000000238418579,
      "z": 0.0
    }
  },
  "body_upper": {
    "parent": "body_spine_upper",
    "length": 0.1,
    "z": 0.0,
    "y": 0.0,
    "x": 0.0,
    "location": {
      "x": 0.0,
      "y": 2.4991302490234375,
      "z": 0.4752309322357178
    }
  },
  "shoulder_base_l": {
    "parent": "body_upper",
    "length": 0.1,
    "z": -1.6539515256881714,
    "y": 0.02650044672191143,
    "x": 0.3078100085258484,
    "location": {
      "x": 1.600000023841858,
      "y": 1.5,
      "z": 0.0
    }
  },
  "shoulder_l": {
    "parent": "shoulder_base_l",
    "length": 0.1,
    "z": 0.0872664600610733,
    "y": 0.0,
    "x": 0.0,
    "location": {
      "x": -3.722094277236465e-08,
      "y": 2.3499999046325684,
      "z": 1.49450245059365e-17
    }
  },
  "upper_arm_l": {
    "parent": "shoulder_l",
    "length": 0.1,
    "z": -1.5707963705062866,
    "y": 0.0,
    "x": 1.0471975803375244,
    "location": {
      "x": 0.75,
      "y": 1.600000023841858,
      "z": 0.6000000238418579
    }
  },
  "elbow_root_l": {
    "parent": "upper_arm_l",
    "length": 0.1,
    "z": 0.0,
    "y": 0.0,
    "x": -1.1693705320358276,
    "location": {
      "x": -0.0024468558840453625,
      "y": 2.07904052734375,
      "z": 0.0
    }
  },
  "elbow_end_l": {
    "parent": "elbow_root_l",
    "length": 0.1,
    "z": 0.0,
    "y": 0.4363323152065277,
    "x": 0.0,
    "location": {
      "x": -8.13876397387503e-08,
      "y": 1.100000023841858,
      "z": -2.181543001800179e-10
    }
  },
  "forearm_l": {
    "parent": "elbow_end_l",
    "length": 0.1,
    "z": -1.5707963705062866,
    "y": 0.0,
    "x": 1.5707963705062866,
    "location": {
      "x": -1.8224562836621772e-07,
      "y": 0.875,
      "z": 0.6000000238418579
    }
  },
  "wrist_l": {
    "parent": "forearm_l",
    "length": 0.1,
    "z": 0.0,
    "y": 0.0,
    "x": 0.0,
    "location": {
      "x": 0.12469344586133957,
      "y": 3.793060064315796,
      "z": 0.0
    }
  },
  "palm_l": {
    "parent": "wrist_l",
    "length": 0.1,
    "z": 0.0,
    "y": 1.6231563091278076,
    "x": 0.0,
    "location": {
      "x": 0.0,
      "y": 0.3499999940395355,
      "z": 0.0
    }
  },
  "thumb_proximal_phalanx_l": {
    "parent": "palm_l",
    "length": 0.1,
    "z": 1.0471975803375244,
    "y": -0.0,
    "x": 0.0,
    "location": {
      "x": -0.4999999701976776,
      "y": 0.4486125111579895,
      "z": 0.15000000596046448
    }
  },
  "thumb_distal_phalanx_l": {
    "parent": "thumb_proximal_phalanx_l",
    "length": 0.01,
    "z": 0.0,
    "y": -0.0,
    "x": 0.0,
    "location": {
      "x": -0.0006231576553545892,
      "y": 0.550000011920929,
      "z": 0.0
    }
  },
  "index_f_proximal_phalanx_l": {
    "parent": "palm_l",
    "length": 0.1,
    "z": 0.0,
    "y": -0.0,
    "x": 0.9773843288421631,
    "location": {
      "x": -0.44999995827674866,
      "y": 1.4486124515533447,
      "z": 0.07000000029802322
    }
  },
  "index_f_middle_phalanx_l": {
    "parent": "index_f_proximal_phalanx_l",
    "length": 0.1,
    "z": 0.0,
    "y": -0.0,
    "x": 0.5235987901687622,
    "location": {
      "x": -0.00039887960883788764,
      "y": 0.3498677611351013,
      "z": 0.0
    }
  },
  "index_f_distal_phalanx_l": {
    "parent": "index_f_middle_phalanx_l",
    "length": 0.1,
    "z": 0.0,
    "y": -0.0,
    "x": 0.0,
    "location": {
      "x": -0.0004495300236158073,
      "y": 0.4308037757873535,
      "z": 0.0
    }
  },
  "middle_f_proximal_phalanx_l": {
    "parent": "palm_l",
    "length": 0.1,
    "z": 0.0,
    "y": -0.0,
    "x": 0.9948376417160034,
    "location": {
      "x": -0.1499999761581421,
      "y": 1.4486124515533447,
      "z": 0.07000000029802322
    }
  },
  "middle_f_middle_phalanx_l": {
    "parent": "middle_f_proximal_phalanx_l",
    "length": 0.1,
    "z": 0.0,
    "y": -0.0,
    "x": 0.5235987901687622,
    "location": {
      "x": -0.00039887960883788764,
      "y": 0.3498677611351013,
      "z": 0.0
    }
  },
  "middle_f_distal_phalanx_l": {
    "parent": "middle_f_middle_phalanx_l",
    "length": 0.1,
    "z": 0.0,
    "y": -0.0,
    "x": 0.0,
    "location": {
      "x": -0.0004495300236158073,
      "y": 0.4308037757873535,
      "z": 0.0
    }
  },
  "ring_f_proximal_phalanx_l": {
    "parent": "palm_l",
    "length": 0.1,
    "z": 0.0,
    "y": -0.0,
    "x": 1.0122909545898438,
    "location": {
      "x": 0.15000003576278687,
      "y": 1.4486124515533447,
      "z": 0.07000000029802322
    }
  },
  "ring_f_middle_phalanx_l": {
    "parent": "ring_f_proximal_phalanx_l",
    "length": 0.1,
    "z": 0.0,
    "y": -0.0,
    "x": 0.5235987901687622,
    "location": {
      "x": -0.00039887960883788764,
      "y": 0.3498677611351013,
      "z": 0.0
    }
  },
  "ring_f_distal_phalanx_l": {
    "parent": "ring_f_middle_phalanx_l",
    "length": 0.1,
    "z": 0.0,
    "y": -0.0,
    "x": 0.0,
    "location": {
      "x": -0.0004495300236158073,
      "y": 0.4308037757873535,
      "z": 0.0
    }
  },
  "little_f_proximal_phalanx_l": {
    "parent": "palm_l",
    "length": 0.1,
    "z": 0.0,
    "y": -0.0,
    "x": 1.029744267463684,
    "location": {
      "x": 0.45000001788139343,
      "y": 1.4486124515533447,
      "z": 0.07000000029802322
    }
  },
  "little_f_middle_phalanx_l": {
    "parent": "little_f_proximal_phalanx_l",
    "length": 0.1,
    "z": 0.0,
    "y": -0.0,
    "x": 0.5235987901687622,
    "location": {
      "x": -0.00039887960883788764,
      "y": 0.3498677611351013,
      "z": 0.0
    }
  },
  "little_f_distal_phalanx_l": {
    "parent": "little_f_middle_phalanx_l",
    "length": 0.1,
    "z": 0.0,
    "y": -0.0,
    "x": 0.0,
    "location": {
      "x": -0.0004495300236158073,
      "y": 0.4308037757873535,
      "z": 0.0
    }
  },
  "shoulder_base_l_rod_1": {
    "parent": "shoulder_base_l",
    "length": 0.1,
    "z": 2.6179938316345215,
    "y": 0.0,
    "x": 0.2617993950843811,
    "location": {
      "x": -0.10000000149011612,
      "y": 1.600000023841858,
      "z": 4.502335802320004e-18
    }
  },
  "shoulder_base_l_rod_2": {
    "parent": "shoulder_base_l",
    "length": 0.1,
    "z": 3.665191411972046,
    "y": 0.0,
    "x": 0.2617993950843811,
    "location": {
      "x": 0.10000000149011612,
      "y": 1.600000023841858,
      "z": 4.502335802320004e-18
    }
  },
  "shoulder_base_l_rod_3": {
    "parent": "shoulder_base_l",
    "length": 0.1,
    "z": 8.17873626601795e-08,
    "y": -2.146871302954878e-08,
    "x": -2.6179938316345215,
    "location": {
      "x": 0.0,
      "y": 1.600000023841858,
      "z": -0.10000000149011612
    }
  },
  "shoulder_base_r": {
    "parent": "body_upper",
    "length": 0.1,
    "z": 1.6567490100860596,
    "y": 0.015104240737855434,
    "x": -0.173524871468544,
    "location": {
      "x": -1.600000023841858,
      "y": 1.5,
      "z": 0.0
    }
  },
  "shoulder_r": {
    "parent": "shoulder_base_r",
    "length": 0.1,
    "z": -0.0872664600610733,
    "y": 0.0,
    "x": 0.0,
    "location": {
      "x": 0.0,